rating,comment
4.0,"une bonne suite pour les aventures de sonic au cinéma deja le premier film était super bien
un bon divertissement pour toute la famille avec un jim carrey en pleine forme
une suite explosive trop cool"
5.0,"Cette suite de sonic est incroyable !
Le fan que je suis est ravi, en 1992 quand j y jouais sur megadrive on m aurait montré ce film je serais devenu dingue !
L univers du jeu est parfaitement respecté, avec amour et passion 
spoiler: 
 Tails et son avion, knuckle, robotnik et ses robot guêpes, sonic au fond de l eau qui absorbe des bulles d oxygene, les émeraudes, les clins d œil à droite à gauche qui rendent hommage au jeu, et bon sang la transformation en SUPER SONIC !!!!! Juste magnifique 

 l'histoire est toujours aussi sympathique avec Sonic et sa petite famille adoptive, et Jim Carrey est incroyable en Eggman...
Ce film est une merveille vivement la suite"
3.0,"Malgré deux nouveaux personnages de l'univers du jeu vidéo ""SONIC"" (Knuckles et Tails), nous sommes assez loin de la catchline de l'affiche ""2 fois plus de fun"".
On tend plutôt vers ""2 fois moins d'étonnement"" si l'on se réfère au premier opus sorti en 2020, qui avait le double mérite de la nouveauté et de l'effet de surprise.
C'est malheureusement le risque avec les ""suites"", il faut savoir conforter les fans dans une zone connue et appréciée, mais réussir également à relancer l'intérêt en osant quelques nouvelles recettes...
Ce Sonic version 2 distrait et amuse dans un rythme souvent soutenu, c'est certain, mais n'arrive pas vraiment à insuffler quelque chose de totalement novateur en comparaison de son prédécesseur.
Jim Carrey est par contre toujours aussi piqué et succulent !!
Assez plaisant, mais finalement un léger ton au-dessous du numéro 1.
Site CINEMADOURG.free.fr"
4.0,"Super film de ouf, le fait que Knuckles soit du côté d'Eggman au début, les références aux jeux de base et la fidélité aux jeux de base c'est vraiment un truc que j'ai vachement apprécié dans tout le film, l'inclusion de Tails, Knuckles, la Master Emerald
spoiler: 
, les Chaos Emeralds et même SUPER SONIC

 c'est vraiment très fun à regarder en tant que fan de Sonic surtout les scènes où Sonic court vite (ça semble bête à dire comme ça mais 
spoiler: 
par exemple la scène où Sonic court sur l'eau et esquive les vagues

 c'est vraiment cool), 
spoiler: 
la scène de course poursuite entre Knuckles et Sonic & Tails, dans le temple de la Master Emerald, et surtout le combat final

 bref y'a plein de trucs très stylés dans ce film, la CGI marche super bien, la VF est bien notamment Sonic Tails et Knuckles qui ont des super voix, même Sonic n'en déplaise à tous les haters de Malik Bentalha bref c'est un film très sympa même si 
spoiler: 
y'a des scènes avec les humains franchement pas super utiles mais qui sont plus fun que dans le premier

 donc ça va tranquille. 
spoiler: 
Puis la scène post-crédit qui annonce un 3 avec SHADOW ça me hype bien"
4.0,Très bon film ont retrouve ce qui fait l’esprit de Sonic dans ce film clairement un cran en bas du premier je trouve mais reste un très bon film d’aventure d’action familiale pour toutes la famille foncé le voir vous ne s’aurait pas déçu 😉😊
2.5,"Bon alors je trouve que la transposition de l'univers Sonic dans le monde réel est assez réussie, les personnages sont attachants et l'écriture est plutôt correcte. Les personnages rigolos se succèdent et Jim Carrey est succulent en Robotnik complètement barge. Bon par contre c'est vrai que passé 12 ans on risque de s'ennuyer tant le scénario est plat, les quarantenaires en quête de références s'approchant du matériau orignal seront aussi un peu déçus par le manque de substance. Disons que ça aurait pu être pire."
4.0,"Grand fan de Sonic, j'ai fait quelques kilomètres pour trouver une séance en VOSTFR (à recommander). Sonic 2 est la digne suite du premier, avec tout en plus : vannes, scènes d'action, Sonic qui court vite. Knuckles prend toute sa place, le robotnik de Jim Carrey est encore plus fou, Tails est.. oubliable mais mignon ? Même les personnages humains ont quelques bonnes scènes bien marrantes. N'oubliez pas de rester pour la scène post-gen qui vaut le détour... Trop hâte de voir la suite !"
4.0,"Super à voir en famille, parent enfants, aucun des deux ne vont s'ennuyer, bien rythmé avec des scènes que j'ai trouvé amusantes.
(Jim Carrey toujours aussi exceptionnel dans ce personnage)."
5.0,Franchement la presse abuse sur la note j'ai eu des frissons du début jusqu'à la fin aucun décrochage du film qu'elle chef d'oeuvre et en plus rester bien jusqu'à la fin du film vous aurez une sacré suprise après le generique et les personnages également bien mis en avant l'histoire vraiment bien et très toucher mon coup de cœur
1.0,"Jamais drôle, ni surprenant, même souvent gênant, Sonic 2 est un ramassis de mauvaise idée qui ne convaincra personne, encore moins par son esthétique et son scénario, aussi vide qu'une huître déjà mangé et tellement bête qu'on pourrait te faire croire que les Mammouths existe encore. Bref, je le conseille vraiment pas."
1.5,"""Sonic 2"" est une suite paresseuse et opportuniste qui ne conserve que les défauts de son prédécesseur. C'est souvent très laid, assez stupide et sans grand intérêt...

https://www.cineserie.com/critiques/cine/sonic-2-une-suite-opportuniste-5008542/

https://www.cineserie.com/news/cinema/sonic-2-focus-sur-la-scene-post-generique-5014261/

https://www.cineserie.com/news/cinema/sonic-2-idris-elba-a-improvise-une-partie-des-dialogues-de-knuckles-5030788/"
0.5,"Sonic se rêve en justicier, façon super-héros, sauvant la veuve et l’orphelin dans la petite ville de Green Hills. Sauf que le Dr Robotnik est de retour, bien décidé à éliminer une bonne fois pour toute le hérisson anthropomorphe…

Qui aurait cru que la première adaptation, Sonic (2020), rencontrerait autant de succès (rapportant plus de 3 fois sa mise de départ). Alors qu’un incroyable badbuzz avait précédé la sortie mondiale du film. C’est donc sans réelle surprise que Paramount a donné son feu vert pour lancer cette suite purement mercantile & opportuniste, qui s’adresse essentiellement aux enfants et aux fans de la première heure.

Histoire de rajouter un peu de consistance au script (et parce que la guéguerre entre Sonic & Robotnik, à un moment donné, ça devient redondant), deux nouveaux personnages viennent se rajouter au récit, à savoir Knuckles (l’échidné à dreadlocks) et Tails (le renard à deux queues).

Très clairement, le film est orienté vers la tranche d’âge 6-12ans, à en voir l’humour et les gags bas du front (il y est souvent question de flatulence, sans oublier Tails avec son (je cite) ""fessier-copter""). Les personnages secondaires (James Marsden en tête) servent quant à eux à meubler les sous-intrigues toutes plus futiles les unes que les autres (visiblement, Jeff Fowler ne sait pas trop quoi faire d’eux et tente tant bien que mal de leur trouver une consistance).

Sonic 2 (2022) est l’exemple même du produit calibré pour son auditoire (les gamins), on se retrouve devant une adaptation assez insipide et fade, qui se contente de ne faire que du remplissage pendant deux longues heures (Sonic seul dans la maison qu’il transforme en ProjetX, Sonic en Sibérie dans une battle de danse, …). Bref, on a largement de quoi se faire chier, d’ailleurs, on se demande encore quel était l’intérêt de faire autant de références à la pop culture (qui n’apportent strictement rien au film), pêle-mêle on y retrouve Batman, Uber, Professor X, Le Soldat de l'hiver et même le Monopoly.

Alors que le premier opus sortait en salles en février 2020, moins d’un an plus tard, le tournage du second volet démarrait. Réalisé dans la précipitation et avec une post-prod de moins de 6 mois, il n’est pas surprenant de se retrouver avec des CGI aussi déprimants (les textures sont toutes plus foirées les unes que les autres et à de trop nombreuses reprises les interactions entre les acteurs et les personnages en CGI ne collent pas).

L’ennui, c’est que l’on n’est pas près d’en finir avec Sonic, puisqu’un 3ème opus est déjà annoncé 
spoiler: 
(comme en atteste la scène post-générique avec l’apparition de Shadow).



● http://bit.ly/CinephileNostalGeek ● http://twitter.com/B_Renger ●"
1.5,"Une suite uniquement tournée vers les plus jeunes avec ses gags de cour de récré et son histoire gorgée de bons sentiments niais, dans laquelle Jim Carrey semble venir uniquement récupérer son dernier chèque (il souhaite vraiment arrêter sa carrière sur ce rôle ? Ce mastodonte du cinéma mérite mille fois mieux...). Aussi, si vous voulez vous offrir deux heures de roupillon salvateur tandis que les marmots rigolent, Sonic 2 est idéal, à la limite d'être remboursé par la Sécu. Et si vous y allez sans marmot, vous pouvez déjà vous préparer à voir une intrigue de mariage longue et ridicule digne d'une série B américaine, deux nouveaux personnages (Tails et Knuckles) doublés avec des voix encore plus irritantes que celle de Malik Bentalha (on ne pensait pas cela possible, ils nous ont prouvé l'inverse), un Jim Carrey assez dispensable (il passe nettement après le trio Sonic / Tails / Knucles, sauf dans un final qui se rappelle qu'il existe et l'exploite vingt minutes), une durée infernale (2h05...qu'on a vraiment senties passer), et évidemment le niveau des gags qui ne vous est pas destiné (assez consternant si on n'a plus 5 ans). Ceci dit, les effets spéciaux ne sont pas vilains (les animations des créatures numériques sont bien faites, si seulement les figurants pouvaient se donner la peine de regarder au bon endroit...), la morale bienpensante dégoulinant de bons sentiments ne fait pas de mal aux enfants, et ces derniers passent généralement un bon moment (ceux de la salle étaient très réceptifs, les parents beaucoup moins). On a passé un moment long, très long, se sentant vraiment oublié par le niveau des vannes (aucune pour les plus de 8 ans), agacé par les doublages irritants, et désolé pour le fameux Jim qui est ici une marionnette tristement dispensable. Même le magnifique travail de doublage d'Emmanuel Curtil, à saluer encore, ne réussit pas à sauver son modèle, délirant dans l'opus précédent, transparent dans celui-ci. A réserver aux tout-petits."
1.0,"S’il conserve la bêtise et la laideur de son aîné, Sonic 2 a le mérite d’offrir à Jim Carrey un espace de jeu plus important : nous le voyons cabotiner, sauter partout et tomber, évoluer au sein d’une forêt de champignons géants ou critiquer le goût dilué d’un café à son image. L’acteur, conscient de la médiocrité du projet, s’amuse comme un enfant profite de l’absence d’autorité pour faire n’importe quoi ; il commence d’ailleurs par parodier Tom Hanks dans Cast Away (2000) avec un meilleur ami imaginaire plaqué sur un rocher. Pour autant, il ne recouvre guère la démesure d’un Ace Ventura, témoigne au contraire de la galvanisation hollywoodienne de son personnage dégradé en pseudo label qualité d’un vulgaire produit de consommation vendu à un public familial peu regardant. Le reste est en tout point similaire au désastre précédent : omniprésence de ce second degré stérile qui paralyse tant de blockbusters contemporains, laideur des images numériques, absence de mise en scène. Car il y avait certainement davantage de cinéma dans le jeu vidéo que dans ces piteuses adaptations."
3.0,"----------------------------
POST-GENERIQUE
----------------------------

Plus ambitieux que le premier sur nombreux éléments, mais d'un autre côté... 
Le premier était pour un public enfant (béta) ET les adultes: il y a des ester eggs, une seconde lecture (bien que légère) etc...
Mais là c'est avant tout plaire aux jeunes enfants... et si ça plait aux adultes c'est bonus.
Salle comble (d'enfants), les quelques éléments du premier où on se retrouve enfoncé dans le siège avec un Sonic insupportable sont poussés au paroxysme; des vans dignes d’un autre siècle ne fonctionnant pas (ou faisant au mieux sourire gras), un Sonic préado en roue libre, un Robotnik alias Jim Carrey en roue libre: tout est caricatural; Les gadgets de Tails sont des cochonneries en plastique directement sortis des magasins de produits dérivés du film, avec, à côté, un lot de sucettes (robots, émeraudes, nouveaux personnages, refs à différents jeux, etc…) mais n’ayant jamais le bon emballage! (la séquence à Seattle se terminant avec de l’eau sortant des égouts et un Sonic regardant le spectacle sous la pleine Lune à l’instar du début de ‘Sonic Adventure’, avec le mot ‘Chaos’ apparaissant même dans le titre du journal du lendemain, mais sans que Chaos n’apparaisse jamais (ni Tikal)), tous les appareils de Robotnik, bien qu’ayant souvent des traits fidèles: d’un blanc immaculé, Robotnik lui-même: enfin dans sa veste rouge: mais pas celle que l’on connait, le biplan de Tails est rouge au lieu d’être jaune, Tails, qui, au-delà de sa voix ‘particulière’ dans la VF, n’est pas du tout développé; L’’émeraude mère’, parce qu’il faut que les personnages puissent la prendre dans leur main: a une taille semblable aux 7 émeraudes, 7 émeraudes qui quant-à elles se retrouvent à être minuscules (et pour le coup ridicules), des plans faisant penser à ceux de Sonic Adventure (et sa forêt labyrinthique), mais là uniquement pour la déco, les yeux de Knuckle qui s’illuminent on ne sait pas trop pourquoi, « l’île », sortant de l’eau, mais ne s’envolant pas, et en parallèle: Knukles qui utilise ses points pour escalader, Tails qui vole en tenant Sonic par la main, Sonic utilisant sa forme sphérique pour se battre, dont la vitesse lui permet de se retrouver coller à des parois, pleins de détails propres aux jeux, montrés, mais au final au second plan (surf sur un débris de robot), derrière une nouvelle scène de danse n’ayant rien à faire là mais beaucoup plus longue et beaucoup plus gênante que dans le premier, un humour ‘péter-roter’ plus poussé, des éléments de détail dans le premier qui arrivent au premier plan dans le 2 gagnant en infantilité, cassant l’effort avec la facilité, le scénario tenant sur trois pages; Le film en parvient à être moins fidèle à l’univers de Sonic malgré qu’il en montre bien plus que son prédécesseur.
Plus riche, mieux abouti, mais sortant du spectacle de trop nombreuses fois.
Trop joyeux, malgré des passages plus grave (les scènes de destruction du dernier acte sont plutôt saisissantes): Sonic, blessé, recouvert de boue, des blessures sur le front de sa famille humaine dans un lieu hautement dangereux et risquant la mort: mais à l’humeur jamais éteinte.
Une introduction du GUN que l’on peut presque manquer."
5.0,Suite plus que réussi qui en plus a réussi à être bien meilleur que le premier beaucoup de référence pour les personnes qui on fait les jeux par le passé
3.5,"Le premier opus était suffisamment distrayant pour faire une suite et donc nous revoilà parti pour une nouvelle aventure avec 2 nouveaux personnages Taills le renard et Knuckles le....rouge!!! On reprend Jim Carrey (toujours un plaisir de le revoir!) dans le rôle du savant fou et l'on voit que même si cabotine un chouia trop par moment et bien il s'éclate à jouer ce rôle. Après c'est un peu léger niveau humour mais encore une fois distrayant pour passer un bon moment avec ces enfants. Cela rappel encore l'époque de la Mega Drive souvenir souvenir...les bruitages avec les anneaux ou quand passe en mode ""boule"" ou quand il prend une bulle d'air sous l'eau (combien de fois jsuis mort dans les niveaux marins!!!!!).
Toujours embêter par la voix de Bentalha qui ne représente en rien ce personnage haut en couleur et plein d'énergie tout le contraire avec ce charisme d'un bulot sous anti dépresseur...contrairement à Knuckles avec la voix française de Idris Elba qui en impose. Mais passe un bon moment et post générique à voir juste après première série de nom à l'écran je préviens.^^ Mes garçons ont adoré en tous cas!!!!
NOTE : 6.75/10"
4.0,"Cette suite n'est pas décevante du tout . Il y a l'action et l'humour qu'il faut , et les personnages ( TAILS et KNUCKLES ) , de l'univers de hérisson , qui apporte le FUN ."
4.0,"Nous retrouvons un robotnik devenu fou mais toujours aussi, voir plus, ingénieux, beaucoup moins drôle que dans le premier opus, son humour s'est vraisemblablement transformé en puissance et folie mais personnage très inspirant contrairement à Sonic qui semble ne pas avoir évolué et reste un enfant, cette fois accompagné de 2 personnages de son univers, à voir !"
3.0,"Un film très gamin faut l’avouer. J’ai pas passé une horrible séance mais juste c’est enfantin quoi…
Là où le premier c’était limite, se second opus en fait dès caisse….
Bref
6/10
Publié le 01 avril 2022"
2.0,"Une suite aussi laborieuse que le 1er film , même si on notera quelques références sympathique avec le jeux vidéo ( décors qui ressemble à certains niveaux , les personnages de tails et knuckles etc...) le film enchaîne mauvaises blagues sur mauvaises blagues et certaines scènes ne sert à rien au film,( l'intrigue du mariage a Hawaï etc ... ) bref un film soi disant pour les enfants ... pauvres gamins !!!!"
2.5,"2 ans pile après la dernière affiche que j'ai vu avant le Covid, le hérisson bleu revient dans une nouvelle aventure quelque peu, on ne pas se le cacher, facile à suivre voir même, trop simpliste avec bien des moments moyennement utiles. Un second volet ou je n'peux très clairement pas acclamer la qualité visuelle tant cette dernière ne fait, ni honneur au studio produisant et distribuant le film, ni au genre du film. Une qualité approximative qui me déçois clairement et montre pour la Paramount, une baisse qualitative, cela étant bien dommage quand au nombre bien maigre de films sortis en salle sous le label montagneux. Sur le plan sonore par contre rien à dire les oreilles en auront largement pris pour leur grade. Sur les jeux respectif, je maintiens mon ""dégoût"" de voir le roi comique américain Jim Carrey sous les traits de Robotnik puisque ce dernier caricature, abuse et surdose les grimaces, humour ""guignolesque"" et gestuelles en tous d'un personnage, bien plus ""enrober"" de base et nettement plus sérieux et crédible dans la série animée. Puis le script de nos héros animés qui, personnellement, est d'une autre époque, trop simplet voir même, trop gentillet, trop de politesse pour un film qui mériterait un peu plus de familiarité verbale sans non plus aller se risquer d'aller dans la vulgarité. Un nouvel ennemi finalement allié qui lui aussi, hérite d'un script aussi simplet que trop banal (incohérence par rapport au programme animé), puis des personnages secondaires, humains cette fois-ci, en roue assez libre, seul Tika Sumpter parvient à rendre son jeu plus ""adulte"". Enfin, le final nous offre nombre de plans héroïques, ressemblance à l'univers Marvel / DC savoureuses avec quelques clins d'œil notables, et l'affrontement ultime très épique. Un N°2 à demi teinte qui me laisse perplexe sur l'évident 3ème volet dont la scène post-générique nous en fait l'annonce avec une énième nouvelle ennemi en devenir, mais à force d'obtenir un parler trop simplet, un visuel aux limites du décevant et une dose presque insupportable de fioritures verbale, me rendre en salle pour la 3ème affiche reste à être questionner. Pour cela, des changements radicaux, il faut entreprendre."
1.5,"Comment peut on aimé ce film, passé l'âge de 12,13 ans ?
Blague niveau cours de récré, les personnages sont tous plus énervant les uns que les autres (mention spéciale pour la soeur dans la scène du mariage, qui est l'un de mes plus grand moment de gêne au cinéma) c'est tellement mal joué !!! Quel dommage de voir Jim Carrey dans cette bouillie de cinéma. Le scénario est débile et fainéant. Nos enfants ne mérite pas de s'abrutir devant ce film. Seul petit point positif certain effets spéciaux sont plutôt sympa, pas tous car souvent ils sont vraiment moche."
5.0,c est un chef d oeuvre déja le 1 était excellent mais dans le deux on se rent compte du pouvoir du mécant l homme a la moustache et de l amitié de la gentiellesse et de se rendre compte qu aider les autre est important.
4.5,"En tant que grand fan de Sonic, j'aurais jamais cru voir un jour un film comme ça au cinéma : C'ÉTAIT INCROYABLE !

Ce film est une vraie réussite pour moi, il y a exactement tout ce que j'attendais d'un film Sonic, c'est une véritable lettre d'amour au fans de la licence !
Déjà que j'avais bien aimé le 1er film mais alors ce 2e film le surpasse largement à tous les niveaux, il le surpasse tellement qu'on aurait limite l'impression que le 1er film n'était qu'un ""prototype"" en comparaison !

En terme d'histoire et d'adaptation des jeux, si le 1er film s'inspirait de ""Sonic 1"", alors ce 2e film s'inspire à la fois de ""Sonic 2"" et ""Sonic 3 & Knukles"" !
Le scénario est non seulement bien meilleur que le 1er film mais aussi beaucoup plus ambitieux, le lore de Sonic est encore plus exploité (Tails, Knukles, le peuple Echidné, les Chaos Emerauld,...), avec même des lieux du film qui sont directement inspirés des environnements des jeux : comme par exemple les montagnes enneigées de Sibérie qui font référence à ""Ice Cap Zone"", où même le temple perdu à Hawaï qui fait référence à ""Labyrinth Zone"" et ""Hidden Palace"" !
On à 2 fois plus d'actions, 2 fois plus d'aventures, 2 fois plus de fun et 2 fois plus de références et de clins d'œil à la licence, avec aussi des références à Sonic Adventure 1, Sonic Adventure 2, Sonic Heroes et même à l'animé Sonic X !
Les personnages sont tous très bons aussi : Sonic reste le héros fidèle à lui même qu'on connait, Tom & Maddie sont toujours aussi sympas, Jim Carrey en Robotnik est encore plus excellent que dans le 1er film et Tails & Knukles sont super cools, bien introduit et totalement fidèles à leurs versions dans les jeux !
Et surtout le climax du film qui est absolument génial : le trio Sonic/Tails/Knukles = INCROYABLE, le fait d'avoir la ""Team Sonic"" de ""Sonic Heroes"" en action dans le film était tellement jouissif, 
spoiler: 
et l'apparition de Super Sonic qui était juste énorme en plus d'être totalement inattendu (en tout cas perso je ne l'avais pas vu venir, et quand je l'ai vu c'était magnifique)

 !

Le seul vrai défaut du film pour moi c'est la VF, j'ai toujours du mal avec Malik Bentalha !
Autant dans le film précédent je l'avais à peu près toléré justement parce qu'il était tout seul au doublage mais alors la c'est encore pire, parce que non seulement sa voix ne colle pas du tout avec Sonic mais en plus quand on le met à côté des voix française de Tails et de Knukles (qui elles pour le coup sont excellentes), on sent qu'il y a un vrai décalage entre les 3 et ça fait tache, c'est trop dommage !

Ensuite on a la scène post-credit 
spoiler: 
qui nous tease l'arrivée de Shadow dans le 3e film, et là je suis partagé : d'un côté je suis content et hypé mais en même temps ça me fait quand même un peu peur, personnellement je trouve que c'est encore trop tôt pour nous introduire Shadow directement maintenant, à voir par la suite

 !

Sinon voilà : ce film est excellent, je l'ai adoré et je suis très hypé pour le 3 !
En plus Paramount a confirmé qu'ils travaillent maintenant sur un ""Sonic Cinematic Universe"", c'est trop génial, je suis trop content et j'ai hâte de voir ce que ça va donner, ça va être INCROYABLE !"
4.0,"Sonic 2 est un film honorable avec un peu de fan services de l'action et un Jim Carrey au meilleur de sa forme.J'ai trouvé que ce sequel était plus sérieux que le premier et également bient plus surprenant que le premier, celon moi ce film est une adaptation de qualité pour le hérison de Sega qui arrive enfin à faire bonne impresion grâce au cinéma. Pour finir j'ai passer un agréable moment à regarder ce film et je le recommande absolument pour les fans du hérison bleu."
4.0,"Idéal pour un aprem en famille ! On reste dans la veine du 1er opus ou on arrive en quelques sortes a sa suite direct et le retour du gros méchant Dr Robotnik... Comme dans l histoire précédente, on connaît vaguement la finalité... Mais pour cela, Sonic tient les rennes avec Knucles qui rappellera de nombreux souvenirs sans doute aussi aux parents qui ont pu le connaître lorsqu'il était présent dans le jeu vidéo... Un visuel clair, une trame posé assez vite ; mais ne manquant pas de nous emmener avec pour le reste des aventures que Sonic et son ami vont devoir faire face pour la survie de la planète. Bref, cette suite se veut simple, dans le sens du premier opus (là où le réal aurait pu tenter d innover ou exploiter de nouvelles choses mais cela aurait été un pari plus risqué). Et nous offre un film ni trop court ni trop long ou l'on ressort ayant passé un bon petit moment."
4.0,Une agréable suite des aventures de Sonic !! C'est divertissant et fun avec l'arrivée de nouveaux persos !! Le casting original est de retour et Jim Carrey est toujours aussi dingo !! C'est rythmés et le film est parsemé de petits clins d'oeil aux jeux vidéos !! Les effets spéciaux sont de qualité !! Le trio Sonic Tails Knucklles sont parfaits !!
3.0,"Très bien pour les enfants, dans la lignée du 1er. Jim Carrey dans un rôle sur mesure. De bonnes valeurs au niveau du scénario mais hélas encore quelques placements de produits, ce qui est toujours un peu dérangeant dans un film pour jeune public."
5.0,"Ce deuxième volet est une totale réussite. Le scénario est réussi, le film est bien rythmé et bien mis en scène, c'est drôle, et les effets spéciaux sont top ! On a beaucoup de références aux jeux vidéo de Sonic, pour les connaisseurs. Il y a quelques petites différences par rapport aux jeux vidéo, par exemple le fait que la tâche de Knuckles est de garder et de protéger la Master Emerald, et non de partir à sa recherche pour son pouvoir. Mais on comprend ces changements dans le but de nous pondre un bon scénario. Et sinon, Jim Carrey est toujours excellent dans son rôle de Dr Robotnik. Bref, on a là un super divertissement, et en tant que fan de Sonic, j'ai été ravi !"
3.0,"Jim Carrey de retour dans Sonic 2.et je dois dire que c'est lui qui vole la notoriété de Sonic et des autres. il excelle dans son rôle.. un rôle diamanté pour lui et son personnage. maintenant le film en lui même n'est pas mauvais , l'intrigue. le scénario la mise en forme sont plutôt bien faits. ceci dit beaucoups de.mea culpa scénarial sont inutiles comme la très longue'partie 1 et ses dérives... quand vient la partie 2 je me sens dans mon jeu vidéo. sa me plaît et là je suis content. la lumière, le cadrage les plans d'actions et drôles... Robotnik qui s'élève les babines.. bien.. il a fallu attendre 1heure pour voir tout sa.. ok. mais la fin est très rapide.. beaucoups trop rapide a la Sonic... alors que des scènes inutiles..elles.. sont longues et ennuyeuses.. ils auraient pu se focaliser sur la fin.. dommage. un film à voir. surtout pour le dieu Jim Carrey"
5.0,"Franchement, un excellent film, je l'ai trouvé beaucoup que Sonic 1 qui était déjà un très bon film !!! Les acteurs sont excellents, les gags s'enchaînent, les scènes d'actions et de combats sont très bien réalisé, les décors sont magnifiques, les effets spéciaux sont incroyables et la musique est superbe. Le film est extrêmement bien rythmée, pas le temps de s'ennuyer une seule seconde. Aucune longueur, aucun temps morts. Une superbe suite. Le scénario et les dialogues sont très bien écrits. J'aime encore plus le doublage de Malik Bentalha dans ce second opus que dans le premier. Bref, un très bon film, une très bonne suite que je vous conseillerais d'aller voir !!! Il vaut trop le coup. Attention, restez jusqu'au milieu du générique, il y a une scène mid-générique qui annonce du lourd pour la suite !!! Vivement la sortie de Sonic 3"
4.0,Un très bon film. Un très deuxième volet des aventures de Sonic face au docteur Robotnik et Knuckles aidé par Tails dans la ville de Seattle.
3.0,"sonic 2 est un film pour gosse. voilà le gros problème du film, le 1 avait de l'idée et nous fesait un sympathique buddy movir, la c'est un film mal fini avec ses effet spéciaux et en bonne partie mal écrit, sa met des couleur flashi pour la gamin et des références pour les fan. espérons que le 3 sera meilleur car la meilleur scène du film c'est le post-générique"
3.5,"Le film était vraiment pas mal ! Action, humour, Jim Carrey en plein délire, robot et personnages nouveaux, vraiment une bon moment !"
2.0,"Dans son ensemble, le film est plutôt ""meh"".

Le film n'est pas mauvais dans son ensemble mais il y a beaucoup d'éléments qui gâchent un peu certaines scènes et certaines actions. Tout d'abord, parlons de l'humour. JE SAIS que Sonic est à la base un personnage ""comique"" qui prend beaucoup des situations à la légère, mais dans ce film, même durant les moments de tensions, l'humour constant de Sonic par ses blagues et ses gestuels plombent un peu ces scènes. Et il n'y a pas que Sonic. Je ne sais pas si c'est un défaut de la version française, mais les dialogues de Robotnik et Knuckles sont soit trop forcés pour le premier, soit tellement mou/1er degré pour le deuxième que la différence entre les dialogues et l'action me sort complètement de l'immersion.

Maintenant, parlons du plus gros problème (a mes yeux) de ce film : les clichés. Durant tout le film, on a une sorte de leçon de morale sur ""les super héros font ceci, pas cela"", ""la famille et les amis ces important"" et blablabla... Encore, si ça avait été subtile, j'aurais rien dit, mais durant TOUT le film on te martel ces leçons de moral tellement fort dans la tête que ça te donne des migraines.

Et enfin, pour les personnages (et l'évolution des personnages durant le film) : comparé au premier film où Robotnik était juste un géni fou un peu narcissique et égocentrique sur les bords, deviens un véritable maboule sous extasie et gaz hilarant durant tout le film lui aussi. Et Knuckles, (là encore je ne sais pas si c'est la faute à la VF), bien qu'il ai eu une évolution intéressante durant la première moitié du film (mis à par son 1er degré plutôt lourd), une fois qu'il 
spoiler: 
devient amis amis avec Tails et Sonic

, se ramolli totalement question caractère pour devenir une sorte de tsundere vers la fin du film. Et pour les autres persos, (la encore, faute à la VF?), leurs dialogues sont tellement forcés et focus sur l'humour que tu ne sait plus si tu regarde un film ou une pièce de théâtre comique.

Et pour la scène post générique 
spoiler: 
avec l'introduction d'un nouveau perso

... Aïe... si vous connaissez la licence de Sonic, vous savez de quoi je parle... je m'attend au pire pour le 3.

Oh et la 3D et les VFX étaient bizarres à certains moments."
2.0,"C’est pas terrible, je le trouve un petit peu mieux que le premier film, mais de pas énormément. C’est-à-dire que ce deuxième opus est fidèle à l’univers instauré mais je n’en suis pas friand.

La réalisation est très classique, mais elle est satisfaisante, elle n’est pas nulle mais elle n’est pas exceptionnelle. Le metteur en scène sait rendre impressionnant le personnage de Knuckles, même si les effets spéciaux sont beaucoup trop cartoonesques ; que ce soit les protagonistes ou les explosions et autres.

Sinon le scénario est très enfantin, il n’y a rien de moins original que l’histoire présentée. Le retour du personnage de Jim Carrey est assez bien écrit, même si je pense que son personnage manque de profondeur, le background de Knuckles ou de Tails sont bien développés, et Sonic va dans la continuité du premier film. Les blagues sont parfois en trop, et parfois peuvent nous faire décrocher un sourire.

Je conseille ce film, mais il ne faut pas s’attendre à un bon film, je le trouve d’ailleurs un peu trop long, avec un rythme bancal : le film gagnerait en qualité si on retirait les séquences avec les humains, qui font un peu trop film à sketchs."
2.5,"Suite au succès aussi bien critique que commercial du premier opus en 2019, il était évident qu' une suite à Sonic allait être rapidement mise en chantier. La fin ouverte du premier film ( avec notamment l' arrivée de Tails) appelé à une suite , et ce Sonic 2 est le prototype même de la suite qui n ' a rien à racontée. ou presque 
Et bien souvent quand on à pas grand chose de nouveau pour faire une suite , on double la mise sur tout ce qui à fonctionner dans le premier opus tout en incluant des nouveaux personnages. . Bigger its better ? Eh bien pas forcément .
On double les scènes d' actions les méchants , les décors en posant l' action en Sibérie ( enfin la Sibérie en fond verts affreux, faudrait pas exploser le budget non plus) , a Hawaii ou encore dans un temple rappelant fortement Indiana Jones.
On sent l ' intrigue prétexte à multiplié les scènes d' actions , les apparitions des bad guys , et l' humour qui fonctionne étrangement beaucoup moins que dans le premier.
Là où dans Sonic l ' humour provenait principalement du petit hérisson bleu et de Dr Robotnik eux même , ici l ' humour est trop dissiminés à travers de personnages secondaires horripilants. 
Dans cette suite , plusieurs éléments et personnages du premier rempilent , Jeff Fowler derrière la caméra revient également , et on sent que l ' originalité du scénario n ' était pas au centre des préoccupations.
Sonic 2 ne prend jamais le temps de poser les bases d ' une véritable intrigue , ou de s 'encombrer de véritables enjeux ( on ne sent jamais une véritable menace pour Sonic et Tails , ni même pour les habitants de Green Hills) 
 Comme dis plus haut l' ambiance et les visuels sont allégrement pompés sur des licences bien connues du grand public.
On navigue entre l' ambiance très urbaine des productions DC en début de film , tout en faisant plusieurs clins d' œil aux films d ' espionnage ( de nombreux gadgets et explosions sont au centre de l ' intrigue). 
Au final , Sonic 2 se rapproche de beaucoup de sagas réputées , sauf de Sonic. L ' esprit jeu vidéo SEGA , pourtant bien mis en avant dans le premier , est ici relégué au second plan , pour ressembler finalement au tout venant.
Le fait que ce soit un film destinés aux enfants ne devrait pas être un prétexte pour que l ' écriture soit aussi bâclée.
Je n ' ai pas compté le nombre de facilités de scénario ( la scène du bar en Sibérie tellement facile et mal introduite à l' histoire !) et de Deus Ex Machina qui permettent à l ' histoire d' avancer sans problèmes et de sortir nos deux héros de se sortir n' importes quels situations. C ' est ce qu' on appel de l' écriture paresseuse, misant tout sur l' enchainement des péripéties et sur le rythme au détriment de toutes vraisemblances ou logique. On se concentre donc ici , sur la recherche d ' un artefact hyper puissant ( une émeraude verte) et qui permet d ' obtenir une puissance hors du commun et que nos deux héros vont devoir rechercher à travers le globe avant que Robotnik ne mette la main dessus. ( ç' est pas comme ci c ' était l ' idée prétexte de 80% des gros blockbusters , pour l ' originalité on repassera donc)
Suite oblige , les méchants sont ici multipliés par deux. Pour mon plus grand bonheur, Jim Carrey ( en roue libre totale) revient en tant que Dr Robotnik, et à toujours l ' air de s' amuser comme un fou dans son rôle dans lequel il s ' investit totalement. Son nouvel allié dans ses méfaits , Knucles, bien connus des afficionados de la licence , est également au centre de cette suite, et un antagoniste plutôt puissant que vont devoir affronter Sonic et Tails . 
Leurs designs à tous les trois , ainsi que l ' animation des personnages en elle même proprement bluffante, est une des grande réussite du métrage. Car oui , techniquement parlant ( globalement disons , passons sur des fonds verts encore trop visibles ,et des décors de studios évidents) , cette suite marque des points. Et le soin apportés aux effets visuels sont à apporté au crédit des responsables des SFX ( blur Studios déjà à l ' oeuvre sur Avatar ou Man of Steel c est pour dire le niveau). Cette suite à la volonté d ' aller plus loin dans le déluge d ' effets spéciaux , d' action , tout en mettant la pédale double sur l' aspect film d ' aventure. 
 Bien sur tout n ' est pas à jeter dans cette suite , car malgrès ces nombreux défauts inhérents aux suites faciles , Sonic 2 divertit tout du long et il est vrai qu' on ne sent pas le temps passé. 
Les péripéties s ' enchainent rapidement ce qui ne donne pas le temps de s' ennuyer et même quelques séquences amènent un parfait équilibre entre l ' action et l ' humour bien dosés. ( mention honorable à la scène du mariage du perso de Natasha Rothwell , hilarante et qui vole la vedette à chacunes de ses apparitions). Plus étonnant encore , le rythme frénétique ralentit parfois pour faire place à des séquences d' émotions ( par le biais du retour du personnage de LongLaw , mentor de Sonic) plutôt bienvenue et qui donnent aux personnages un peu d ' épaisseur. 
L' importance de l ' amitié ( à travers les personnages de Tails et de James Mardsen ) et la nécessité de créer des liens forts pour affronter les épreuves alimentent régulièrement l ' intrigue , ce sont des thèmes universels et qui parlent à tout le monde.
Evidemment comme c ' est souvent le cas dans ce type de projets commerciaux, on termine sur un happy ending très hollywoodien et on nous laisse sur une fin volontairement ouverte sur une suite en cas de succès de ce second opus en teasant la venu d' un nouvel antagoniste iconique.

Exemple le plus typique donc , de la suite qui n ' a pas grand chose à raconter mais qui existe seulement pour être le penchant plus gros et plus spectaculaire du premier opus. 
Oui techniquement ça se tiens ( et encore faut pas trop être regardant) , oui tout s' enchaine très vite pour qu' on est pas le temps de s ' ennuyer. 
Mais que c ' est générique et mal écrit par contre ! Vous avez déja vu ce film ailleurs parce que Sonic 2 puisse son énergie et ses inspirations dans tout ce qui à marché ses dernier temps et en oublie de faire honneur aux jeux vidéos SEGA auquel il est censé être l' adaptation."
2.5,"Clairement Sonic 2 ne sera pas le film de l'année. Comme le premier film, il s'agit d'un divertissement familial qui suit un cahier des charges clairement balisés et ne reserve que bien peu de surprises. Néanmoins le film est meilleur que le précédent, plus rythmé, avec le côté vintage de films adaptés de jeux vidéo des années 90. C'est un peu bête, parfois niais mais aussi d'un kitsch parfois outrancier qui doit beaucoup au surjeu d'un Jim Carrey en roue libre. Le générique de fin en visuel sega des nineties et la scène post générique à la Marvel donnent même curieusement envie de voir la suite. Alors il faut laisser son cerveau au vestiaire et retrouver son âme d'enfant mais l'ensemble reste assez divertissant à défaut d'être innovant."
4.0,"Jim Carrey excellent les enfants ont adoré, j'ai apprécié ce scénario, très bien conçu on a passé un agréable moment"
5.0,"Ce film est trop cool!!!🤩🤩🤩 Les scènes de combat sont juste incroyable et les personnages sont spectaculaires! 🤩😍😃 
spoiler: 
Ma scène préférer était celle ou Sonic est devenu Super Sonic avec les 7 Émeraudes du Chaos et il a détruit le robot géant de Robotnik.

 

Si vous n'avez pas encore vu le film, foncez au cinéma!!!"
5.0,"Film très bien réussi pour des personnages de sega , je l'ai beaucoup aimé. C'est un film de Sonic où je trouve qu'il y avait beaucoup d'action par rapport au premier film de Sonic"
1.0,très mauvais le film est mauvais les personnages sont épouvantables à part knuckles et tails et Jim Carrey Sonic est épouvantable est ennuyant ah regarde la blague d'un fessiercoptère c'est ridicule à par la scène post-générique c'est incroyable par contre il y a certaines scène sont nul voilà c'est un très mauvais
3.0,"Le souci de ce film pour moi est le choix de contenter les fans du jeu tout en essayant aussi de plaire aux 8/15 ans actuels. C'est un combo trop audacieux pour moi. Oui, voir Knuckles, Tails, Sonic et Jim Carrey exagère un peu mais est au top de sa forme en eggman c'est jubilatoire. Surtout que les orientations de caractère de chaque personnage sont très bien pensées. Les références au jeu que l'on retrouve nettement plus que lors du premier opus sont aussi sensas, je pense au différent endroits visités qui ressemblent à des mondes du jeu au final. Mais le film perd en puissance et se noie dans ses phases transitoires avec des scènes inutiles (je pense à tout ce qu'il se passe à Hawai / Le mariage), au concours de danse. Bref, 20 minutes en moins ça n'aurait pas fait de mal."
5.0,"Bon je suis pas habitué a faire des avis mais je me lance.
Selon moi, Sonic 2 est exactement le film qu'il doit être.
Vous y venez en sachant que ça va être drôle et que vous allez voir un film de l'univers de Sonic donc oui ça sera pas un film de maître ou je ne sais pas quoi mais personnellement j'ai passé un très bon moment devant.

Il a de temps en temps des moments différents d'habituellement qui peuvent être plus sérieux ou autres et il le gère très bien

La scène post-credit très cool aussi : ATTENTION SPOILER.


spoiler: 
Avec la révélation de l'arrivée de Shadow on peut donc penser à un troisième opus voir plus encore ? Une futur arrivée de Métal Sonic ?
Un Sonic cinematic universe ?
Enfin le combat final avec le grand robot de Dr.Robotnik (Eggman) était génial et superbement bien réalisé.
Bref de bonnes choses pouvant arriver :)



Moins gros spoiler :

spoiler: 
Enfin la façon dont ont été fait les crédits, sous forme de jeu vidéo 2D de l'époque, est une incroyable idée j'ai adoré le style.



La présence de Sonic et ses compères a été absolument bien incrustés dans le film / ses décors/ et avec les humains ! :)

Le trio Knuckles ; Tails et Sonic a été très bien géré et j'ai beaucoup apprécié leur présence.

Eggman, joué par Jim Carrey remplit bien son contrat dans le film :)

Bref, un très bon film a voir selon moi que ce soit pour les adultes ou enfants, étant moi-même un adolescent (entre adultes et enfants donc) j'ai souri a multiples reprises au cours du film et même ri plusieurs fois !"
5.0,"Excellent film malgré les critiques. Les effets spéciaux, le scénario, l'humour, absolument a voir au cinéma. Les vrais le trouveront cool, les amateur de film violent sans cerveau ni morale le trouveront moyen"
3.0,A voir avec les enfants ils ont adorés . Pour ma part ça passe vite il y a de l'action mais les jeux d'acteurs sont vraiment surjoués .
3.0,"La cible est clairement les enfants mais sinon c'est un bon divertissement; je pense que j'aurais adorer à 10-12 ans.
Le film est généreux et le personnage de Sonic est très réussi; c'est un pur héros à la Luffy ou Naruto qui ne tombe jamais dans l'apitoiement de l'adolescent relou.
Point négatif: le personnage de Jim Carrey et les scènes de surjeu vraiment longues et ratées (dans le doute cela est peut-être imputable à la vf)."
4.0,"Très très bon divertissement pour toute la famille, captivant, drôle , de l'action de l'émotion , des effets spéciaux réussi, une belle réussite"
4.0,"C'est une bonne suite ! 
On retrouve l'action, l'humour, l'aventure et l'attachement aux personnages comme on avait dans le 1. On passe un super bon moment, à aller voir en famille !"
4.0,"Le film a tout pour être mieux que le 1er mais les ""blagues"" sont lourdes , c'est insupportable ! Entre le flic et la belle soeur... meme combat. Pourtant on retrouve un Sonic fidèle aux jeux et aux series, un Tails attachant et un Knuckles badasse comme il faut. 
Si on retire les faux raccords qui piquent les yeux et les graphismes parfois limites, c'est un super film pour les fans et les enfants qui découvrent. 
Mais je ne peux pas m'empêcher de ressentir la sensation que la direction a cherché un équilibre pour éviter que le film ne soit trop bon, en plaçant des vannes vraiment débile et hors sujet.
(J'ai mis 4 etoiles mais je l'estime plutot vers 3 étoiles --> la post crédit !!)"
3.5,"Je trouver ce sonic 2 beaucoup moins bien que le premier, même si Jim Carrey est toujours également à lui même, les autres partie comiques mon moins fait rire.
Sympa de retrouver la bande à sonic 
Mon fils 10 ans à quand à lui bien aimé"
5.0,"Super film les fx sont sublimes , convient à tous publics et respectueux du jeu vidéo avec des petits rappels …"
1.0,"Déconseillé aux enfants de plus de 7 ans, et encore très long, deux heures, dialogues ennuyeux, film lourd typique plein de clichés à l'américaine. Deux jeunes de 11 ans ont été très déçus."
4.5,"Super moment passé en famille, bon il y en aura toujours certains qui auront à redire mais comme pour le premier, nous, on s’est bien éclatés ! ☺️ Rigolade, action, si vous voulez vous divertir c’est parfait !"
4.5,"Sonic 2 est une excellente suite du premier, les effets spéciaux sont très bien faits, de même pour le son et les images. Les grands fans de Sonic devraient s’y plaire et retrouver ce qu’ils aiment. Un acteur très connu nommé Jim Carrey est dans le film. Je le conseille aux enfants de plus de 5 ans et pas plus que 10-11 ans. Mieux vaut regarder le premier avant sinon vous risquerez de ne pas tout comprendre. Ne serait-ce que le début de l’histoire qui commence sur une planète champignon.
En résumé, 
J’ai adoré Sonic 1 et 2 même si je ne suis pas un grand fan de ce personnage parce que j’ai aimé l’histoire et que c’était plutôt bien fait. Je vous le conseille fortement.

Robin
9 ans"
4.5,"Cette suite des aventures de Sonic est largement meilleur que le 1er car on y découvre les autres personnages de l'univers Sonic: Tails et Knuckles. Jim Carrey est toujours plus diabolique avec son style d'humour particulier et il y a beaucoup de références liées à la pop culture. Bref, c'était cool, un bon moment !"
4.0,"Excellent divertissement dont le jeune public et tous ceux qui ont passé des heures à castagner le docteur robotnick dans les années 90 seront ravis. Effets spéciaux efficaces, on sent les moyens derrière. L'histoire est bien dans la suite du premier film et bien entendu, il faut rester après le générique ...."
4.0,"Bonne suite, dans la continuité parfaite du premier. Ce n'était pas facile d'en faire un film, mais le pari est réussi: des effets spéciaux parfaits, un Jim Carrey dans son jus, mais sans aucune vulgarités ou violence, chose rare dans les productions américaines aujourd'hui.
Un bon moment pour toute la famille. Et vivement le 3..."
0.5,"Films vraiment pour les enfants je me suis fait...du début à la fin. c'est le même film que le 1er, donc il mérite la même note. Adapté pour les enfants de 8 ans, les autres passez votre chemin.De l’intrigue paresseuse, les enfants ne sortiront pas plus intelligents ; leurs parents, sans doute un peu abrutis par l’avalanche de péripéties pendant deux heures…"
3.0,"Pas mal, encore des blagues assez niaises et qui font presque mal à la tête parfois...
Pour autant les références aux anciens jeux font bien plaisir. 
Et spoiler : // La scène post-générique hype vraiment pour une suite\\."
3.5,Une suite à faire jalouser le précédent; Jim Carey dans toute sa splendeur avec son personnage de plus en plus fidèle à son origine. Belle moralité dans le scénario et surtout ne traînez pas pour le 3e.
4.5,"Très bon film pour un bon divertissement.
Action et humour sont au rendez-vous pour passer un bon moment en famille et nous rappeler nos bons souvenirs d'enfance."
4.0,"Bien sur pas mon style de film mais je suis allé le voir avec mes enfants pour leur faire plaisir. 
et bien j'ai été agréable surpris, bien meilleur que le premier. On ne s'ennuie pas un seconde beaucoup d'humour, le rythme est frénétique et Jim Carrey est énorme, hilarant, complètement investi dans son personnage. film pop corn en famille, je recommande. Les critiques sont assez sévères."
1.0,"Je suis très déçu par Sonic 2. Le scenario n'est pas mieux travaillé que le premier, les gags sont lourds et longs visant le public mineur, les personnages humains ne servent à rien à l'intrigue (sauf Robotnik qui est le méchant) et les élements de référence des jeux ont été soit mal utilisés, soit ruinés.
Je félicite tout de même les équipes derrière le travail de CGI et d'effets spéciaux qui nous offrent de magnifiques images.

spoiler: 
Petits points qui m'ont le plus marqué : Sonic utilise ses anneaux nimporte comment, je croyais qu'il étaient limités et rares mais apparement il peut se permettre de les utiliser pour faire ses courses
Les Chaos Emerauld sont toutes réunies en une?! Et cette mega emeraud peut se casser facilement..
Les services américains préparent une opération de fiancailles pour se rapprocher d'un autre couple qu'ils sont sencés surveiller pour trouver Sonic?!?! Suivi par une scene ""girl power""... Ils étaient combien pour pondre ce plan?
Le coup des anneaux de fiancailles qui sont confondu avc un anneaux a Sonic
Tails est un idiot... alors qu'il crée des machines de dingue
Knuckles est aussi rapide que Sonic!? Ils ont joué au jeux un minimum avant d'écrire les scenarios?


C'est pas tout ce qui est décevant mais je suis fatigué d'écrire autant juste pour dire que.. bah c'est décevant"
5.0,"Bon, ce film a un public bien défini, les fans de Sonic et les enfants. Si vous faites partie d'une de ces catégories, vous allez adorer le film, et c'est mon cas. Il y a tellement de références, de clins d'œil, d'easter eggs que le fan aura du mal à contenir ça joie.
Le film réussit ce qu'il cherche à faire, il montre ce que le fan veut voir au grand écran. Cependant si vous n'êtes pas fan de l'univers et que vous voulez tout de même allez voir le film, mettez vous à l'esprit que vous n'allez pas voir un chef d'œuvre qui va révolutionner votre vision du cinéma, mais juste un film sympa avec de bonnes scènes d'action et des blagues pour enfants. C'est dans cet état d'esprit qu'est allez le voir un de mes ami qui n'est pas fan de Sonic et qui avait trouvé le premier sympa mais sans plus et il a adoré Sonic 2."
4.5,"Après Sonic 1 qui était le prologue de la saga des films. Sonic 2 est le vrai film qui démarre la saga. Jusqu'à nous emmener à un 3ème épisode.
Cette épisode ne manque pas d'action. Le scénario est très réussi. Robotnik (Jim Carrey) devient plus méchant dans le film que dans les Jeux. Et l'apparition de Tails et Knuckles est une vrai surprise à nos yeux.
Le première épisode n'avait rien à avoir avec la saga. C'était plus un film comédie que un film d'action."
3.0,"léger et sans prise de tête, le film permet de suivre un peu l'histoire de Sonic. je suis un peu déçu par contre du faible niveau des blagues et des longueurs de certaines scènes."
4.0,"Aprés avoir vue le premier j'attendais avec plus ou moins d'entoushiasme cette suite des aventures du hérisson bleu le plus rapide du monde.
Le 1 ne prenais pas trop de risque et nous montrais une histoire convenu avec quelques surprises ici et la.
Pour cette suite d'emblé on sent que le réalisateur est un fan du hérisson, les réferences sont légion et pour ceux qui comme moi suivent sonic depuis les années 90 c'est un véritable régal de chaque instant.
Il y a cependant des moments un peu longuet ou j'ai décroché au moment du mariage qui nous sortent de la trame principal, on attend juste le moment ou robotnik magnifiquement bien joué par jim carrey va faire son apparition pour defaire le hérisson.
Que ce soit sonic, tail's ou knuckles chacun a sa personnalité qui correspondent exactement a ce que l'on peu voir dans les jeux ou les dessin animés et chacun a son pouvoir correspondant.
La scéne post générique nous apprend beaucoup sur le n°3 qui sortiras courant 2023.
Plus que tout je suis trés content de voir le respect de l'oeuvre par le réal qui j'espère continueras dans cette voix pour la suite ."
5.0,"Excellent divertissement familliale comme il y en a peu en ce moment , fidele au jeu , un fan service excellent .Vivement le troisieme ."
5.0,"Ce deuxième film a beaucoup de références par rapport aux jeux, et je le trouve un cran au dessus du 1er. Les personnages sont très biens fait et les acteurs sont au rdv. 
Les enfants ont adoré (7 et 8ans)
Bon film"
4.5,"Tellement, mais tellement meilleur que le premier. Plus épique, plus grand. je trouve qu'il respect l'univers du jeu en faisant autre chose. il y'a un meilleur équilibre sur le personnage de Robotnik qui bouffait l'écran dans le premier. Sonic est mieux développé. Tails et Knuckles sont très bien introduit. Un film d'aventure à la Indiana Jones. Des références au jeu avec des péripéties qui correspond à des niveaux. Bref. il y'a quelques scènes inutile. personnellement, j'en ai trouvé 2/3. Mais avec le reste ça passe. Bref, ils sont sur la bonne voie."
3.5,"Une suite plus fun, généreux et plus proche de l’univers Sonic que le 1er. Ce n’est pas certes le film de l’année, on retrouve les défauts du 1er, à savoir une comédie burlesque omniprésente et pas toujours mature et efficace. Mais c’est un Sonic. Pas Mass Effect. Il est donc naturel que c’est fait avant tout pour les plus jeunes. 

Et pour ce qu’il est, ben cette suite offre un divertissement familiale réussi avec des références nostalgique aux gamers de Sega."
1.0,"Sonic 2, le film est la suite directe de Sonic, le film. Il est à nouveau réalisé par Jeff Fowler. 
Ce film est le même que le 1er avec une demi-heure en plus et plus de moyens : mêmes enjeux inintéressants, mêmes acteurs plats avec des rôles mal écrits, même Jim Carrey qui cabotine, mêmes effets spéciaux qui dégueulent de partout. 
Pour résumé : c'est le même film que le 1er, donc il mérite la même note. Adapté pour les enfants de 8 ans, les autres passez votre chemin."
5.0,"Un super moment pour petitset grands.
Bourrés de clins d'œil pour nous les anciens et fun, j'ai adoré et mon fils aussi.
Très bon équilibre entre scènes d'action et scènes humoristiques avec un Jim Carrey complètement frappé comme on l'aime!
A voir!"
5.0,Film vraiment très sympa avec beaucoup d'humour qui a fait rire mes enfants 5 et 9 ans. Un peu moins accessible pour les adultes.
4.5,j'ai beaucoup aimé le film Jim Carrey dans le rôle du méchant il est magique et ont a beaucoup rigolé
5.0,"Excellent film à voir avec ses enfants, énormément de références et jeu de mots, le film est super rythmé, pas de temps mort, la musique est super !
L'introduction des nouveaux personnages est très bien, et la découverte des différentes tribu et planètes est géniale et j'espère sera developpe dans un 3eme opus.
Bref une comédie pop corn qui se prend pas au sérieux, des barres de rires et Carey est encore une fois génial en robotnik !"
4.0,"Sympa pour l'histoire et le final que l'on suppose dès le début, par contre l'arrivée du personnage du petit renard donne un peu de pêche et de différence avec sonic qui se croit toujours exclusif et son moment arrive avec un peu de différentes occasions qu'il prend tout au cours de l'histoire du film ! Annonçant à la fin une suite pour un troisième numéro !"
4.5,"Franchement, même si ce film est surtout destiné aux enfants, j’ai passé un très bon moment devant ce film, des nouveaux personnages attachants, plein d’humour et un Jim Carrey excellent comme dans le 1er."
5.0,"Ce film etait juste ouffissime , j'ai vraiment adorer , loin du dernier batman qui etais tres ennuyant , à la fin du film j'avais vraiment aucune remarque negative , beaucoup d'easter egg très apprecié, franchement top , ceux qui disent (c'est juste un film pour enfant) je me demande ce qui cloche chez vous ."
5.0,"Alors je viens de voir Sonic 2 et franchement, je ne m'attendais pas a ça ! 
spoiler: 
La scène de Sonic courant sur l'eau, les références aux jeux vidéo, la Master Emerauld et puis Super Sonic quoi ! Mais je pensais pas qu'il l'aurait mis et ils l'ont mis quoi ! C'est incroyable !

 Le film est un vrai chef-d'œuvre cinématographique et je ne peux que vous encourager à le voir ! FONCEZ !"
5.0,"On n'a adorer avec mon fils de 6 ans ce film ,une super suite !!! Un peu d'humour,un peu de cascades et de bagarres. Un bon cocktail pour un bon moment. Je le recommande."
4.5,"Film plein d'action. L'arrivée des deux compagnons d'aventures du jeune hérisson m'a particulièrement plu. C'est un film très fidèle aux aventures du jeune héros au travers des jeux Sega. Long-métrage très contemporain.
Le Spoiler de fin annonçant le troisième film en a fait fantasmer plus d'un, l'excitation est à son maximum !"
5.0,"L'action est à son comble, des combats palpitants, et un trois prévu!! Vraiment je suis trop content"
5.0,"Le premier était génial, mais alors là, le second film basé sur Sonic est tout simplement extraordinaire !!!!!
Le troisième film consacré sur l'univers de Sonic sortira en 2023 et se centrera sur 
spoiler: 
shadow

 plus particulièrement !"
5.0,"Une bombe atomique ! Vu en 4D max , ça n’arrête pas une seconde. Enfin une suite mieux que le 1er ! Ils ont mis le paquet en effets spéciaux , l’histoire est sympa à suivre , les personnages ont une identité propre , et Jim Carey est transcendant dans le rôle du méchant Eggman. De 7 a 77 ans."
5.0,j'ai mis la note 5 étoile parce que je trouve beaucoup énormément mieux que le 1er Film Sonic parce que il y a Tails c'est l'un meilleur amis de Sonic et Knuckles le guerrier echidné au départ il était le complice DR Eggman ( Robotnik ) il a croire que Sonic est un ennemie et puis finalement il était devenu un allier maintenant Sonic Tails Knuckles formé un trio comme Sonic Heroes face a DR Eggman ( Robotnik ) pour récupéré l'émeraude du chao afin que Sonic est Transformé en Super Sonic enfin bref c'est trop cool ce film j'ai hâte de voir Sonic 3 Le Film car il y a apparition Shadow le hérisson noir
4.0,"Agréablement surpris du 2 ème film qui est génial franchement les combats etc sont incroyables, le seul bémol pour moi c que le film du 2h mais il y a 45 min ba qui sert a rien quoi 
spoiler: 
scène du mariage et scène de la danse avc les russes , on s'en fou complètement de voir sa quoi fin nous on est là pour Sonic pas pour voir le mariage de la belle sœur de je sais plus qui enfin voilà c mon avis"
5.0,"EXCELLENT second film, encore meilleur que le premier. En tant que fan de sonic j’ai adoré, j’ai eu une multitude d’émotions tout le long et je ne me suis pas ennuyée une seule seconde. Film à voir en VO selon moi cependant"
4.0,"Marre des critiques qui descendent les films comme celui là... J ai une fille de 7ans qui avaient des anneaux pleins les yeux et moi même, Gamer de 45 ans j ai passé un très bon moment même si je peux être parfois exigent dans le choix de ma cinémathèque...les effets spéciaux sont réussi... L intro de nouveaux personnages vivifiant... 
A voir d un œil d enfant et à profiter en famille..."
5.0,C'est le meilleur film que j'ai jamais vue il les trop bien je vous le conseille je vais vous raconter Sonic à une nouvelle transformation il et devenu trop fort ... je vous le conseille
4.0,"Qui pouvait croire que le film Sonic aurait une suite, surtout après le terrible bad buzz du design de notre hérisson favori, qui avait mis le feu aux poudres. Et pourtant le 1er opus a été une franche réussite, ce qui a amené à une suite, deux ans plus tard.

Et bien , j''en suis ravi ! Cette suite est juste géniale et cette fois, on a un véritable film Sonic, contrairement au premier où il n'y avait presque rien de l'univers du hérisson bleu. Ce film est encore mieux que ce que j'espérais et j'ai passé un agréable moment. Alors certes, il y a des points faibles comme l'humour où on en fait trop à certains moments et certains passages qui servent strictement à rien comme
spoiler: 
 le mariage

. Mais à part ça c'est nickel. Les petites références sont géniales et les personnages (Sonic, Tails et Knuckles) sont très charismatiques comme dans le film précédent. La VF finalement n'est pas si horrible que ce que j'ai pu entendre (ça reste mon avis bien sûr ^^'). Et que dire de la bataille finale qui est juste ouf 
spoiler: 
le robot eggman et Super Sonic bordel

 ! Et la scène post-générique pour Sonic 3 me hype énormément
spoiler: 
 Shadow

. Bref, un bon petit film à voir en famile où avec des enfants, je vous le conseille"
5.0,"ce film est a voir si vous etes un grand fan de sonic dans ce film nous pouvons constatez un amitié forte entre nos deux héros :tails et sonic ce qui m'a beaucoup plus, [/spoiler]en plus de cela nous avons eu une scene post-crédit ou nous pouvons voir quelque secondes un deuxième ""sonic"" [spoiler]"
3.5,"étant quelqu'un qui est un petit peu fan de Sonic ,ce film je l'ai bien apprécier car il cache beaucoup de référence des jeu Sonic ou de la série Sonic X (je conseille vraiment ) qui est vraiment très bien car c'est pas abusif, avec Dr.Robotnik qui correspond bien au méchant 
spoiler: 
avec son Robot géant la fin du film qui est représente vraiment un boss de jeu de fin , ou même le projet Sadows pour la suite des films qui hype tout les fan de Sonic car on peut s'attendre à apprendre plus sur l'histoire du monde de Sonic breff ceci est que Théorie revenons sur le film,

 En sois les personnage de Sonic , Tails , Knucles et Dr.Robotnik sont très bien mais le problèmes du film est l'humour trop gamins et lourds 
spoiler: 
 Les scénes avec pendant le mariage ne sert pas a grande choses il aurait du oublier cette partie et se concentré plus sur Sonic et les autres 

 Mais faut pas oublier sa reste un film d'animation tout publics et surtout pour attirée les enfants mais il devrait plus se consacrée plus sur leur communautés et si il y a un prochain film réduire leur humeurs enfantin"
4.0,"Tres bon film.
J aime beaucoup les références faites aux jeux vidéo et les personnages sont attachants."
5.0,"Film graphiquement magnifique !! L'histoire et genial et plein d'élément ce rapporte au jeux de notre enfance (promis je spoile pas). Et le final et juste magique. Pris plein les yeux. Drole, touchant et une tuerie !!!!!!"
3.5,"Du point de vue d'un jeune fan de Sonic, rentré dans la série il y a pas longtemps, le film est très bien.
Sur la grande échelle de l'univers cinématographique, d'accord, ce n'est pas un chef-d'œuvre, et il à bien des défauts, mais pour le dire en des mots simples : J'ai passé un très bon moment.
Les films répètent l'histoire des jeux : Le premier était bon, pas forcément transcendant, mais posait les bonnes bases sur lesquelles le second à construit.

Pour rentrer dans les détails de ce qui m'a plu ou pas, commençons avec le récit, qui somme toute, est plutôt agréable à voir se dérouler. Il y a certes des moments long, plus ou moins inutiles, qui adviennent par-ci par là, mais en général, on a pas trop le temps de s'ennuyer. 
Il y a aussi un point que je trouve important d'aborder : c'est la caractérisation des personnage, chose qui me tient particulièrement à cœur. Ici, elle est très bien faite, au moins pour les 4 personnages principaux. Premièrement : Sonic qui est en pleine adolescence, longtemps privé de contacts sociaux et qui s'est abreuvé de pop culture dans le premier film, et qui ici, réitère tout ce qu'il à vu, ce qui pour certains donnent l'impression qu'il force le fait d'être cool, et ils ont raison complètement, et c'est ce que j'apprécie : on à un Sonic qui apprend. Ensuite on a Tails, fidèle au Tails de Sonic Adventure, mais qui reste un enfant pas forcément très courageux, mais qui surmonte ses peurs et sait se rendre utile, puis Knuckles, le personnage le mieux caractérisé d'après moi, qui comme on le sait, n'a pas eu de contacts depuis son enfance, et ne sais donc pas comment fonctionne la confiance, l'amitié, et ne connais pas les valeurs d'autrui, mais comme Sonic, on a une progression du personnage au travers du film et des évènements. Enfin Robotnick est très bien tel qu'il est, mais je pense rajouter le fait que vers la fin du film, il se met vraiment à pencher vers son caractère des jeux, de par ses actions et dialogues, et c'est très bien implémenté.
J'aimerai parler aussi d'un moins bon point qui m'a posé problème personnellement : les effets spéciaux et l'incrustation des personnages qui m'a parfois déçue. Je veut dire par là qu'à certain moment ça se voit : des effets spéciaux à couper au couteaux diront-nous. 
Après, je termine sur une note positive, mais il y a de la référence à gogo dans ce film, et c'est du pur bonheur pour un fan comme moi.

Sommes toute un bon film pour une démographie moyenne, et un très bon film pour la fanbase Sonic, qui d'après leurs retours disent qu'ils apprécient en grande majorité.
Je le conseille vivement à ceux qui apprécient Sonic, et ceux qui ne sont pas sûrs et veulent se faire un avis, et je le conseille moins vivement mais quand même aux familles qui cherchent juste à passer un bon moment avec les enfants."
4.0,"La suite du premier volet qui introduit de nouveaux personnages comme Tails et Knuckles. Dans l'ensemble, le film se laisse regarder. En tant que grand fan de la franchise. L'intrigue parallèle avec les ""humains"" est un gênante mais l'ensemble reste globalement bon.
Beaucoup de références aux jeux vidéo Sonic qui sont appréciables : 
spoiler: 
supersonic, les émeraudes, les bulles d'eau sous l'eau...


Le mariage est gênant et le GUN n'est pas aussi sérieux et bien représenter par rapport aux jeux, on dirait des Clown (Tom Butler entre autre).
En revanche le final est grandiose, dommage que tout le film n'ait pas été de ce niveau.
On apprécie la scène post générique : 
spoiler: 
 qui tease le Sonic 3 autour de Shadow, en espérant qu'ils reprennent le scénario de Adventure 2 qui est simplement grandiose et travaillé en rebondissement 


Je recommande ce film à tous fans de la franchise, aux familles mais moins aux amateur de cinéma fantastique qui n'ont pas forcément d'attaches avec ce petit hérisson bleu."
5.0,Le film 🎥 et juste incroyable j ai passé un excellent moment j ai pas vu les 2h de film. Il y a tout dans cette suite action. Humour. Aventure. Le scénario et top. Vivement le 3 😁
5.0,"Superbe suite.
Le 1er était top, le second rempli le contrat. 
Nous avons adoré, maintenant nous attendons patiemment le dvd"
4.0,"Y'a rien à dire, c'est vraiment un excellent film !
Le premier était déjà très réussi, mais alors sa suite c'est un tout autre niveau, même si je pense que les fans vont beaucoup plus appréciés le film que le grand public.
Certe certains effets spéciaux ne sont pas les meilleurs, mais dans la globalité c'est assez beau visuellement, les nouveaux personnages sont très cool et Jim Carrey est encore une fois génial en Robotnik.
Bref, je recommande beaucoup Sonic 2 !"
5.0,"J'ai adoré ce film beaucoup mieux que le premier est de loin 
J'ai trop aimer les combats entre sonic et knuckles 
Beaucoup plus de références par rapport à sonic en sah ça fait plaisir
Tails toujours mignon
J'ai aimé aussi le moment au snowboard où knuckles raconte son passé 
Team sonic qui réunissent lets go
Death egg robot super réaliste donc tant mieux
Super sonic qui a mis tout le monde d'accord
Et la scène post credit avec l'apparition de shadow

Donc je donnerais la note de 5 étoiles et je regarderai sonic 3 le film"
5.0,Le film est trop bien la qualité du film est superbe ont dirait que ont n'ai dedans 🤩.
5.0,"Film pas mal mais trop long..
Un bon film à voir en famille ou entre amis .
Bonne expérience mais j'attendais mieux"
4.0,"Excellent film à voir petit comme grand. J’ai trouvé le film très bien fait des scènes épiques et de l’humour. 
spoiler: 
Je pensais que l’amitié entre Tails et Sonic allait manquer mais j’ai été agréablement surpris en retrouvant cette amitié qui était si exceptionnelle dans les jeux et dans la série. En revanche j’ai été un petit peu déçu car Dr Eggman ou Robotnik n’était pas très fort et Super Sonic l’a battu trop vite à mon goût ça aurait été mieux si le combat entre les 2 aurait été plus long. Pour finir quand même sur une bonne touche de spoiler Shadow amène la hype au max mais petit défauts scénaristique Sonic n’étant qu’un ado Robotnik ne peut pas avoir construit Shadow pour le détruire et cela veut dire que Robotnik a plus de 70ans et ne serait donc pas en état de se battre 

 knuckles est juste formidable dans le film.Comparé aux jeux vidéo ou à la série TV Sonic Boom il n’est pas bête 
spoiler: 
et respecte la volonté de Sonic et fini même par se joindre à lui et ajoute une grosse touche humoristique grâce à son éducation"
